VARIABLES,BETAS,BIN,WOE,PUNTOS
odor_categ,1.3571526616380736,"[-inf,2.0)",-0.9839377416819937,3.0
odor_categ,1.3571526616380736,"[2.0,inf)",0.8171763327132817,74.0
pH_categ,1.379436460483123,"[-inf,2.0)",-1.4928994320099216,-16.0
pH_categ,1.379436460483123,"[2.0,inf)",0.4414463452158625,59.0
taste_categ,1.4623991920215718,"[-inf,2.0)",-0.3788263435772269,26.0
taste_categ,1.4623991920215718,"[2.0,inf)",0.26526055047465924,53.0
temperature_categ,2.9512958931364732,"[2.0,inf)",-0.2676235018405139,19.0
temperature_categ,2.9512958931364732,"[-inf,2.0)",0.38799469798780134,75.0
