,index,VARIABLES,BETAS,BIN,WOE,PUNTOS
0,0,INTERCEPTO,-1.049525678291796,"[-inf,inf)",1.0,-104.0
1,0,odor_categ,1.3571526616380736,"[-inf,2.0)",-0.9839377416819937,-133.0
2,1,odor_categ,1.3571526616380736,"[2.0,inf)",0.8171763327132817,110.0
3,2,pH_categ,1.379436460483123,"[-inf,2.0)",-1.4928994320099216,-205.0
4,3,pH_categ,1.379436460483123,"[2.0,inf)",0.4414463452158625,60.0
5,4,taste_categ,1.4623991920215718,"[-inf,2.0)",-0.3788263435772269,-55.0
6,5,taste_categ,1.4623991920215718,"[2.0,inf)",0.26526055047465924,38.0
7,6,temperature_categ,2.9512958931364732,"[2.0,inf)",-0.2676235018405139,-78.0
8,7,temperature_categ,2.9512958931364732,"[-inf,2.0)",0.38799469798780134,114.0
