,taste_categ_woe,pH_categ_woe,odor_categ_woe,temperature_categ_woe
taste_categ_woe,1.0,-0.06315959773069749,0.039485996101895106,-0.05549592131585742
pH_categ_woe,-0.06315959773069749,1.0,0.07903942909727948,-0.3344292072595625
odor_categ_woe,0.039485996101895106,0.07903942909727948,1.0,-0.17733215592837132
temperature_categ_woe,-0.05549592131585742,-0.3344292072595625,-0.17733215592837132,1.0
